tag_type,tag
Top-Level Genres,Action
Top-Level Genres,Adventure
Top-Level Genres,Casual
Top-Level Genres,Experimental
Top-Level Genres,Puzzle
Top-Level Genres,Racing
Top-Level Genres,RPG
Top-Level Genres,Simulation
Top-Level Genres,Sports
Top-Level Genres,Strategy
Top-Level Genres,Tabletop
Genres,Action RPG
Genres,Action-Adventure
Genres,Arcade
Genres,Auto Battler
Genres,Automobile Sim
Genres,Base Building
Genres,Baseball
Genres,Basketball
Genres,Battle Royale
Genres,BMX
Genres,Board Game
Genres,Bowling
Genres,Building
Genres,Card Game
Genres,Character Action Game
Genres,Chess
Genres,Clicker
Genres,Cycling
Genres,Diplomacy
Genres,eSports
Genres,Experimental
Genres,Exploration
Genres,Farming Sim
Genres,Fighting
Genres,Football
Genres,God Game
Genres,Golf
Genres,Hacking
Genres,Hidden Object
Genres,Hockey
Genres,Idler
Genres,Interactive Fiction
Genres,Management
Genres,Match 3
Genres,Medical Sim
Genres,Mini Golf
Genres,Mining
Genres,MMORPG
Genres,MOBA
Genres,Motocross
Genres,Open World
Genres,Outbreak Sim
Genres,Party-Based RPG
Genres,Pinball
Genres,Platformer
Genres,Point & Click
Genres,Rhythm
Genres,Roguelike
Genres,RTS
Genres,Sandbox
Genres,Shooter
Genres,Skateboarding
Genres,Skating
Genres,Skiing
Genres,Snowboarding
Genres,Soccer
Genres,Space Sim
Genres,Stealth
Genres,Strategy RPG
Genres,Survival
Genres,Tennis
Genres,Tower Defense
Genres,Trivia
Genres,Turn-Based Strategy
Genres,Visual Novel
Genres,Walking Simulator
Genres,Word Game
Genres,Wrestling
Sub-Genres,2D Fighter
Sub-Genres,2D Platformer
Sub-Genres,3D Fighter
Sub-Genres,3D Platformer
Sub-Genres,4X
Sub-Genres,Action Roguelike
Sub-Genres,Arena Shooter
Sub-Genres,Beat 'em up
Sub-Genres,Bullet Hell
Sub-Genres,Card Battler
Sub-Genres,Choose Your Own Adventure
Sub-Genres,City Builder
Sub-Genres,Collectathon
Sub-Genres,Colony Sim
Sub-Genres,Combat Racing
Sub-Genres,CRPG
Sub-Genres,Dating Sim
Sub-Genres,Dungeon Crawler
Sub-Genres,Education
Sub-Genres,Flight
Sub-Genres,FPS
Sub-Genres,Grand Strategy
Sub-Genres,Hack and Slash
Sub-Genres,Heist
Sub-Genres,Hero Shooter
Sub-Genres,Horror
Sub-Genres,Immersive Sim
Sub-Genres,Investigation
Sub-Genres,JRPG
Sub-Genres,Life Sim
Sub-Genres,Looter Shooter
Sub-Genres,Metroidvania
Sub-Genres,Mystery Dungeon
Sub-Genres,On-Rails Shooter
Sub-Genres,Open World Survival Craft
Sub-Genres,Political Sim
Sub-Genres,Precision Platformer
Sub-Genres,Programming
Sub-Genres,Real Time Tactics
Sub-Genres,Roguelite
Sub-Genres,Roguevania
Sub-Genres,Runner
Sub-Genres,Shoot 'Em Up
Sub-Genres,Side Scroller
Sub-Genres,Sokoban
Sub-Genres,Solitaire
Sub-Genres,Souls-like
Sub-Genres,Spectacle fighter
Sub-Genres,Spelling
Sub-Genres,Survival Horror
Sub-Genres,Tactical RPG
Sub-Genres,Third-Person Shooter
Sub-Genres,Time Management
Sub-Genres,Top-Down Shooter
Sub-Genres,Trading
Sub-Genres,Trading Card Game
Sub-Genres,Traditional Roguelike
Sub-Genres,Turn-Based Tactics
Sub-Genres,Twin Stick Shooter
Sub-Genres,Typing
Sub-Genres,Wargame
Visuals & Viewpoint,2.5D
Visuals & Viewpoint,2D
Visuals & Viewpoint,360 Video
Visuals & Viewpoint,3D
Visuals & Viewpoint,3D Vision
Visuals & Viewpoint,Abstract
Visuals & Viewpoint,Anime
Visuals & Viewpoint,Cartoon
Visuals & Viewpoint,Cartoony
Visuals & Viewpoint,Cinematic
Visuals & Viewpoint,Colorful
Visuals & Viewpoint,Comic Book
Visuals & Viewpoint,Cute
Visuals & Viewpoint,First-Person
Visuals & Viewpoint,FMV
Visuals & Viewpoint,Hand-drawn
Visuals & Viewpoint,Isometric
Visuals & Viewpoint,Minimalist
Visuals & Viewpoint,Noir
Visuals & Viewpoint,Pixel Graphics
Visuals & Viewpoint,Psychedelic
Visuals & Viewpoint,Realistic
Visuals & Viewpoint,Split Screen
Visuals & Viewpoint,Stylized
Visuals & Viewpoint,Text-Based
Visuals & Viewpoint,Third Person
Visuals & Viewpoint,Top-Down
Visuals & Viewpoint,Voxel
Visuals & Viewpoint,VR
Themes & Moods,1980s
Themes & Moods,1990's
Themes & Moods,Agriculture
Themes & Moods,Aliens
Themes & Moods,Alternate History
Themes & Moods,America
Themes & Moods,Atmospheric
Themes & Moods,Assassin
Themes & Moods,Bikes
Themes & Moods,Capitalism
Themes & Moods,Cats
Themes & Moods,Cold War
Themes & Moods,Comic Book
Themes & Moods,Conspiracy
Themes & Moods,Crime
Themes & Moods,Cyberpunk
Themes & Moods,Dark
Themes & Moods,Dark Fantasy
Themes & Moods,Demons
Themes & Moods,Destruction
Themes & Moods,Detective
Themes & Moods,Dinosaurs
Themes & Moods,Diplomacy
Themes & Moods,Dog
Themes & Moods,Dragons
Themes & Moods,Dynamic Narration
Themes & Moods,Economy
Themes & Moods,Education
Themes & Moods,Faith
Themes & Moods,Family Friendly
Themes & Moods,Fantasy
Themes & Moods,Foreign
Themes & Moods,Futuristic
Themes & Moods,Gambling
Themes & Moods,Game Development
Themes & Moods,Gothic
Themes & Moods,Heist
Themes & Moods,Historical
Themes & Moods,Horses
Themes & Moods,Illuminati
Themes & Moods,Investigation
Themes & Moods,Jet
Themes & Moods,Lemmings
Themes & Moods,LGBTQ+
Themes & Moods,Logic
Themes & Moods,Loot
Themes & Moods,Lovecraftian
Themes & Moods,Magic
Themes & Moods,Management
Themes & Moods,Mars
Themes & Moods,Mechs
Themes & Moods,Medieval
Themes & Moods,Memes
Themes & Moods,Military
Themes & Moods,Modern
Themes & Moods,Motorbike
Themes & Moods,Mystery
Themes & Moods,Mythology
Themes & Moods,Nature
Themes & Moods,Naval
Themes & Moods,Ninja
Themes & Moods,Offroad
Themes & Moods,Old School
Themes & Moods,Otome
Themes & Moods,Parkour
Themes & Moods,Philosophical
Themes & Moods,Pirates
Themes & Moods,Political
Themes & Moods,Politics
Themes & Moods,Pool
Themes & Moods,Post-apocalyptic
Themes & Moods,Programming
Themes & Moods,Retro
Themes & Moods,Robots
Themes & Moods,Romance
Themes & Moods,Rome
Themes & Moods,Satire
Themes & Moods,Science
Themes & Moods,Sci-fi
Themes & Moods,Sniper
Themes & Moods,Snow
Themes & Moods,Space
Themes & Moods,Stealth
Themes & Moods,Steampunk
Themes & Moods,Submarine
Themes & Moods,Superhero
Themes & Moods,Supernatural
Themes & Moods,Surreal
Themes & Moods,Survival
Themes & Moods,Swordplay
Themes & Moods,Tactical
Themes & Moods,Tanks
Themes & Moods,Thriller
Themes & Moods,Time Travel
Themes & Moods,Trains
Themes & Moods,Transhumanism
Themes & Moods,Transportation
Themes & Moods,Underground
Themes & Moods,Underwater
Themes & Moods,Vampire
Themes & Moods,War
Themes & Moods,Werewolves
Themes & Moods,Western
Themes & Moods,World War I
Themes & Moods,World War II
Features,6DOF
Features,Archery
Features,Artificial Intelligence
Features,Asymmetric VR
Features,ATV
Features,Automation
Features,Base Building
Features,Boxing
Features,Building
Features,Bullet Time
Features,Character Customization
Features,Choices Matter
Features,Class-Based
Features,Combat
Features,Conversation
Features,Crafting
Features,Deckbuilding
Features,Driving
Features,Fishing
Features,Flight
Features,FMV
Features,Grid-Based Movement
Features,Gun Customization
Features,Hack and Slash
Features,Hacking
Features,Hex Grid
Features,Hunting
Features,Inventory Management
Features,Level Editor
Features,Linear
Features,Martial Arts
Features,Mining
Features,Moddable
Features,Multiple Endings
Features,Music-Based Procedural Generation
Features,Narration
Features,Naval Combat
Features,Nonlinear
Features,Open World
Features,Perma Death
Features,Physics
Features,Procedural Generation
Features,PvE
Features,PvP
Features,Quick-Time Events
Features,Resource Management
Features,Sailing
Features,Score Attack
Features,Stealth
Features,Story Rich
Features,Tabletop
Features,Team-Based
Features,Text-Based
Features,Time Manipulation
Features,Trading
Features,Turn-Based Combat
Features,Turn-Based Tactics
Features,Tutorial
Features,Vehicular Combat
Features,Female Protagonist
Features,Silent Protagonist
Features,Villain Protagonist
Features,Minigames
Features,Intentionally Awkward Controls
Players,4 Player Local
Players,Asynchronous Multiplayer
Players,Co-op
Players,Co-op Campaign
Players,Local Co-Op
Players,Local Multiplayer
Players,Massively Multiplayer
Players,Multiplayer
Players,Online Co-Op
Players,Singleplayer
Other Tags,Based on a Novel
Other Tags,Batman
Other Tags,Documentary
Other Tags,Drama
Other Tags,Dungeons & Dragons
Other Tags,Episodic
Other Tags,Experience
Other Tags,Feature Film
Other Tags,Games Workshop
Other Tags,Indie
Other Tags,Lara Croft
Other Tags,LEGO
Other Tags,Mod
Other Tags,Movie
Other Tags,Music
Other Tags,Real-Time
Other Tags,Real-Time with Pause
Other Tags,Remake
Other Tags,Sequel
Other Tags,Soundtrack
Other Tags,Star Wars
Other Tags,Time Attack
Other Tags,Turn-Based
Other Tags,Warhammer 40K
Software,Animation & Modeling
Software,Audio Production
Software,Benchmark
Software,Design & Illustration
Software,GameMaker
Software,Gaming
Software,Photo Editing
Software,RPGMaker
Software,Software
Software,Software Training
Software,Utilities
Software,Video Production
Software,Web Publishing
Assessments,Addictive
Assessments,Beautiful
Assessments,Classic
Assessments,Competitive
Assessments,Cult Classic
Assessments,Difficult
Assessments,Emotional
Assessments,Epic
Assessments,Fast-Paced
Assessments,Funny
Assessments,Great Soundtrack
Assessments,Lore-Rich
Assessments,Masterpiece
Assessments,Psychological
Assessments,Relaxing
Assessments,Replay Value
Assessments,Short
Assessments,Unforgiving
Assessments,Comedy
Assessments,Dark Comedy
Maturity Ratings,Blood
Maturity Ratings,Gore
Maturity Ratings,Mature
Maturity Ratings,NSFW
Maturity Ratings,Nudity
Maturity Ratings,Sexual Content
Maturity Ratings,Violent
Hardware or Input,Controller
Hardware or Input,Hardware
Hardware or Input,Mouse only
Hardware or Input,Steam Machine
Hardware or Input,Touch-Friendly
Hardware or Input,TrackIR
Hardware or Input,Voice Control
Funding,Crowdfunded
Funding,Early Access
Funding,Free to Play
Funding,Kickstarter
Themes & Moods,Zombies
Themes & Moods,Hentai
Sub-Genres,Social Deduction
Features,Farming
Themes & Moods,Vikings
Sub-Genres,Roguelike Deckbuilder
Other Tags,Rock Music
Other Tags,Electronic Music
Sub-Genres,Puzzle Platformer
Sub-Genres,Creature Collector
Themes & Moods,Parody
Other Tags,Ambient
Features,Boss Rush
Themes & Moods,Spaceships
Themes & Moods,Psychological Horror
Themes & Moods,Dark Humor
Themes & Moods,Dystopian
Other Tags,Based On A Novel
Other Tags,Instrumental Music
Themes & Moods,Escape Room
Other Tags,Reboot
Themes & Moods,Narrative
Sub-Genres,Party Game
Features,Cooking
Visuals & Viewpoint,Immersive
Themes & Moods,Nostalgia
Other Tags,8-bit Music
Themes & Moods,Electronic
Themes & Moods,Party
Sub-Genres,Action RTS
Assessments,Well-Written
